Data,Contatto Connettore Interno,Cavo Connettore Interno,Contatto Connettore Esterno,Cavo Splitter,Tamb Interna,Tamb Esterna
2022-04-14 14:34:55.052400,32.783,33.7,31.885,31.841,27.175,23.959
2022-04-14 14:35:05.879400,32.814,33.723,31.895,31.867,27.169,23.98
2022-04-14 14:35:18.511400,32.83,33.72,31.89,31.856,27.169,24.001
2022-04-14 14:35:28.866400,32.794,33.663,31.892,31.858,27.149,24.017
2022-04-14 14:35:39.221400,32.801,33.663,31.893,31.841,27.131,24.009
2022-04-14 14:35:49.576400,32.817,33.695,31.892,31.869,27.095,23.999
2022-04-14 14:35:59.931400,32.791,33.684,31.882,31.854,27.099,23.996
2022-04-14 14:36:10.287400,32.786,33.644,31.888,31.838,27.07,24.0
2022-04-14 14:36:20.643400,32.786,33.634,31.901,31.828,27.052,23.983
2022-04-14 14:36:31.000400,32.78,33.631,31.875,31.83,27.041,23.995
2022-04-14 14:36:41.356400,32.775,33.631,31.888,31.835,27.026,23.974
2022-04-14 14:36:53.152400,32.775,33.634,31.893,31.814,27.002,23.979
2022-04-14 14:37:03.507400,32.778,33.65,31.851,31.82,27.005,23.993
2022-04-14 14:37:13.862400,32.765,33.642,31.859,31.83,27.013,23.998
2022-04-14 14:37:24.217400,32.765,33.637,31.809,31.809,27.028,24.013
2022-04-14 14:37:34.572400,32.788,33.647,31.838,31.801,27.002,24.055
2022-04-14 14:37:44.927400,32.786,33.655,31.856,31.814,27.018,24.065
2022-04-14 14:37:55.281400,32.78,33.655,31.835,31.807,27.028,24.042
2022-04-14 14:38:05.636400,32.77,33.642,31.838,31.833,27.031,24.057
2022-04-14 14:38:16.004400,32.759,33.642,31.84,31.814,27.005,24.047
2022-04-14 14:38:26.359400,32.759,33.642,31.817,31.825,27.041,24.042
2022-04-14 14:38:38.072400,32.762,33.668,31.814,31.825,27.102,24.018
2022-04-14 14:38:48.429400,32.754,33.65,31.822,31.828,27.083,24.036
2022-04-14 14:38:58.786400,32.767,33.655,31.804,31.838,27.096,24.047
2022-04-14 14:39:09.141400,32.765,33.65,31.806,31.825,27.099,24.034
2022-04-14 14:39:19.498400,32.778,33.639,31.817,31.814,27.073,24.018
2022-04-14 14:39:29.856400,32.767,33.626,31.809,31.82,27.07,24.026
2022-04-14 14:39:40.211400,32.77,33.644,31.804,31.83,27.096,24.065
2022-04-14 14:39:50.567400,32.752,33.626,31.833,31.82,27.081,24.029
2022-04-14 14:40:00.923400,32.749,33.652,31.812,31.812,27.068,24.021
2022-04-14 14:40:11.281400,32.757,33.665,31.822,31.825,27.083,24.026
2022-04-14 14:40:22.973400,32.744,33.647,31.809,31.817,27.112,24.005
2022-04-14 14:40:33.328400,32.767,33.637,31.806,31.822,27.099,24.015
2022-04-14 14:40:43.683400,32.757,33.658,31.82,31.817,27.125,24.002
2022-04-14 14:40:54.037400,32.757,33.658,31.806,31.825,27.099,24.021
2022-04-14 14:41:04.393400,32.754,33.647,31.817,31.835,27.12,24.0
2022-04-14 14:41:14.749400,32.759,33.644,31.759,31.828,27.149,24.015
2022-04-14 14:41:25.103400,32.762,33.65,31.738,31.828,27.136,24.034
2022-04-14 14:41:35.459400,32.754,33.668,31.73,31.843,27.144,24.044
2022-04-14 14:41:45.815400,32.744,33.65,31.749,31.838,27.131,24.07
2022-04-14 14:41:56.170400,32.752,33.66,31.757,31.828,27.154,24.081
2022-04-14 14:42:07.895400,32.741,33.663,31.754,31.822,27.167,24.076
2022-04-14 14:42:18.254400,32.736,33.651,31.743,31.828,27.171,24.085
2022-04-14 14:42:28.609400,32.746,33.634,31.742,31.834,27.17,24.107
2022-04-14 14:42:38.963400,32.757,33.627,31.728,31.812,27.161,24.11
2022-04-14 14:42:49.319400,32.754,33.654,31.785,31.825,27.184,24.101
2022-04-14 14:42:59.674400,32.77,33.66,31.768,31.823,27.138,24.083
2022-04-14 14:43:10.031400,32.809,33.692,31.826,31.866,27.155,24.093
2022-04-14 14:43:20.386400,32.801,33.654,31.793,31.843,27.133,24.068
2022-04-14 14:43:30.741400,32.783,33.643,31.836,31.847,27.109,24.065
2022-04-14 14:43:41.097400,32.785,33.636,31.801,31.858,27.093,24.04
2022-04-14 14:43:52.855400,32.793,33.654,31.827,31.866,27.091,24.038
2022-04-14 14:44:03.225400,32.793,33.67,31.824,31.864,27.086,24.059
2022-04-14 14:44:13.582400,32.783,33.673,31.837,31.856,27.083,24.032
2022-04-14 14:44:23.938400,32.809,33.681,31.837,31.856,27.083,24.035
2022-04-14 14:44:34.295400,32.793,33.652,31.843,31.848,27.096,24.04
2022-04-14 14:44:44.651400,32.814,33.665,31.845,31.851,27.096,24.045
2022-04-14 14:44:55.007400,32.785,33.662,31.85,31.845,27.117,24.019
2022-04-14 14:45:05.367400,32.777,33.673,31.837,31.845,27.122,24.014
2022-04-14 14:45:15.722400,32.785,33.715,31.835,31.866,27.13,24.03
2022-04-14 14:45:26.077400,32.783,33.662,31.843,31.84,27.141,24.03
2022-04-14 14:45:37.857400,32.785,33.673,31.856,31.851,27.117,24.036
2022-04-14 14:45:48.212400,32.79,33.691,31.856,31.858,27.172,24.039
2022-04-14 14:45:58.567400,32.769,33.691,31.83,31.848,27.146,24.017
2022-04-14 14:46:08.923400,32.783,33.673,31.835,31.869,27.146,24.045
2022-04-14 14:46:19.278400,32.783,33.66,31.848,31.838,27.125,24.039
2022-04-14 14:46:29.634400,32.775,33.683,31.835,31.84,27.109,24.039
2022-04-14 14:46:39.989400,32.79,33.652,31.843,31.843,27.107,24.018
2022-04-14 14:46:50.344400,32.785,33.67,31.837,31.843,27.109,24.032
2022-04-14 14:47:00.701400,32.78,33.67,31.84,31.851,27.075,24.073
2022-04-14 14:47:11.056400,32.777,33.662,31.853,31.851,27.091,24.054
2022-04-14 14:47:22.953400,32.783,33.654,31.879,31.845,27.096,24.044
2022-04-14 14:47:33.309400,32.798,33.686,31.885,31.843,27.109,24.033
2022-04-14 14:47:43.664400,32.79,33.657,31.869,31.856,27.12,24.033
2022-04-14 14:47:54.020400,32.788,33.66,31.882,31.838,27.107,24.039
2022-04-14 14:48:04.375400,32.783,33.686,31.879,31.832,27.114,24.047
2022-04-14 14:48:14.732400,32.777,33.673,31.885,31.853,27.12,24.02
2022-04-14 14:48:25.088400,32.809,33.681,31.874,31.872,27.156,24.012
2022-04-14 14:48:35.442400,32.788,33.673,31.874,31.858,27.133,24.012
2022-04-14 14:48:45.800400,32.767,33.681,31.864,31.845,27.128,24.018
2022-04-14 14:48:56.155400,32.783,33.686,31.856,31.861,27.159,24.015
2022-04-14 14:49:07.897400,32.796,33.689,31.848,31.851,27.172,24.033
2022-04-14 14:49:18.252400,32.793,33.691,31.864,31.851,27.183,24.018
2022-04-14 14:49:28.607400,32.775,33.683,31.848,31.845,27.17,24.041
2022-04-14 14:49:38.962400,32.79,33.702,31.856,31.861,27.191,24.026
2022-04-14 14:49:49.317400,32.79,33.71,31.848,31.851,27.222,24.033
2022-04-14 14:49:59.672400,32.79,33.699,31.864,31.861,27.214,24.031
2022-04-14 14:50:10.028400,32.804,33.681,31.864,31.848,27.214,24.036
2022-04-14 14:50:20.384400,32.777,33.699,31.827,31.879,27.206,24.02
2022-04-14 14:50:30.739400,32.814,33.704,31.853,31.851,27.235,24.033
2022-04-14 14:50:41.095400,32.822,33.719,31.852,31.883,27.24,24.043
2022-04-14 14:50:52.869400,32.809,33.711,31.862,31.873,27.261,24.015
2022-04-14 14:51:03.224400,32.876,33.775,31.917,31.92,27.282,24.037
2022-04-14 14:51:13.580400,32.827,33.735,31.865,31.925,27.274,24.042
2022-04-14 14:51:23.940400,32.876,33.773,31.896,31.943,27.313,24.045
2022-04-14 14:51:34.295400,32.863,33.778,31.888,31.935,27.319,24.057
2022-04-14 14:51:44.650400,32.853,33.777,31.892,31.937,27.321,24.049
2022-04-14 14:51:55.005400,32.855,33.776,31.893,31.938,27.337,24.063
2022-04-14 14:52:05.360400,32.866,33.764,31.9,31.926,27.316,24.071
2022-04-14 14:52:15.719400,32.85,33.754,31.908,31.947,27.303,24.084
2022-04-14 14:52:26.074400,32.848,33.767,31.889,31.934,27.311,24.065
2022-04-14 14:52:37.945400,32.834,33.769,31.897,31.95,27.329,24.072
2022-04-14 14:52:48.302400,32.853,33.777,31.887,31.932,27.332,24.062
2022-04-14 14:52:58.657400,32.837,33.777,31.9,31.934,27.329,24.057
2022-04-14 14:53:09.012400,32.85,33.751,31.897,31.937,27.337,24.059
2022-04-14 14:53:19.369400,32.855,33.748,31.879,31.918,27.298,24.07
2022-04-14 14:53:29.724400,32.853,33.748,31.892,31.929,27.298,24.072
2022-04-14 14:53:40.079400,32.842,33.725,31.884,31.921,27.279,24.041
2022-04-14 14:53:50.436400,32.832,33.725,31.897,31.913,27.243,24.036
2022-04-14 14:54:00.793400,32.837,33.733,31.895,31.926,27.243,24.049
2022-04-14 14:54:11.149400,32.837,33.738,31.905,31.903,27.227,24.036
2022-04-14 14:54:22.891400,32.827,33.727,31.923,31.908,27.201,24.046
2022-04-14 14:54:33.248400,32.834,33.719,31.905,31.903,27.216,24.067
2022-04-14 14:54:43.603400,32.845,33.738,31.895,31.895,27.232,24.085
2022-04-14 14:54:53.958400,32.834,33.735,31.897,31.895,27.229,24.088
2022-04-14 14:55:04.312400,32.827,33.733,31.934,31.905,27.222,24.08
2022-04-14 14:55:14.667400,32.816,33.717,31.91,31.897,27.188,24.091
2022-04-14 14:55:25.021400,32.84,33.709,31.9,31.884,27.182,24.106
2022-04-14 14:55:35.376400,32.824,33.733,31.889,31.895,27.201,24.096
2022-04-14 14:55:45.732400,32.816,33.712,31.871,31.879,27.18,24.067
2022-04-14 14:55:56.087400,32.8,33.691,31.879,31.905,27.193,24.075
2022-04-14 14:56:07.817400,32.798,33.678,31.863,31.882,27.151,24.062
2022-04-14 14:56:18.186400,32.819,33.706,31.908,31.887,27.164,24.051
2022-04-14 14:56:28.544400,32.806,33.704,31.876,31.866,27.151,24.075
2022-04-14 14:56:38.899400,32.816,33.701,31.874,31.874,27.153,24.07
2022-04-14 14:56:49.255400,32.827,33.672,31.876,31.879,27.143,24.075
2022-04-14 14:56:59.610400,32.813,33.704,31.889,31.866,27.127,24.051
2022-04-14 14:57:09.971400,32.808,33.706,31.863,31.879,27.119,24.059
2022-04-14 14:57:20.326400,32.816,33.696,31.895,31.871,27.122,24.057
2022-04-14 14:57:30.681400,32.824,33.701,31.871,31.853,27.122,24.062
2022-04-14 14:57:41.044400,32.811,33.717,31.866,31.861,27.085,24.038
2022-04-14 14:57:52.858400,32.803,33.709,31.884,31.853,27.088,24.051
2022-04-14 14:58:03.213400,32.824,33.726,31.896,31.886,27.14,24.059
2022-04-14 14:58:13.569400,32.821,33.715,31.867,31.891,27.148,24.087
2022-04-14 14:58:23.924400,32.876,33.774,31.901,31.933,27.174,24.076
2022-04-14 14:58:34.279400,32.92,33.804,31.942,31.953,27.229,24.072
2022-04-14 14:58:44.635400,32.928,33.817,31.924,31.961,27.24,24.076
2022-04-14 14:58:54.990400,32.892,33.796,31.898,31.96,27.217,24.097
2022-04-14 14:59:05.347400,32.868,33.775,31.895,31.948,27.234,24.131
2022-04-14 14:59:15.704400,32.886,33.779,31.918,31.942,27.245,24.13
2022-04-14 14:59:26.060400,32.873,33.783,31.927,31.946,27.25,24.126
2022-04-14 14:59:37.889400,32.855,33.771,31.907,31.949,27.266,24.144
2022-04-14 14:59:48.245400,32.868,33.769,31.91,31.944,27.266,24.148
2022-04-14 14:59:58.600400,32.879,33.79,31.899,31.939,27.297,24.135
2022-04-14 15:00:08.956400,32.873,33.79,31.905,31.939,27.292,24.114
2022-04-14 15:00:19.311400,32.884,33.782,31.886,31.955,27.3,24.135
2022-04-14 15:00:29.668400,32.881,33.785,31.897,31.957,27.303,24.13
2022-04-14 15:00:40.023400,32.876,33.798,31.876,31.939,27.316,24.14
2022-04-14 15:00:50.379400,32.886,33.79,31.92,31.952,27.31,24.119
2022-04-14 15:01:00.734400,32.873,33.803,31.897,31.963,27.352,24.103
2022-04-14 15:01:11.090400,32.881,33.795,31.894,31.952,27.368,24.124
2022-04-14 15:01:22.887400,32.881,33.806,31.91,31.973,27.36,24.117
2022-04-14 15:01:33.244400,32.886,33.795,31.889,31.944,27.337,24.117
2022-04-14 15:01:43.601400,32.876,33.785,31.897,31.981,27.347,24.096
2022-04-14 15:01:53.957400,32.871,33.813,31.891,31.957,27.339,24.103
2022-04-14 15:02:04.312400,32.886,33.806,31.902,31.973,27.352,24.098
2022-04-14 15:02:14.666400,32.884,33.8,31.899,31.968,27.358,24.096
2022-04-14 15:02:25.024400,32.881,33.816,31.886,31.973,27.371,24.096
2022-04-14 15:02:35.379400,32.886,33.808,31.894,31.984,27.373,24.101
2022-04-14 15:02:45.735400,32.892,33.806,31.918,31.973,27.381,24.096
2022-04-14 15:02:56.091400,32.873,33.792,31.897,31.989,27.373,24.082
2022-04-14 15:03:07.887400,32.889,33.798,31.899,31.976,27.366,24.09
2022-04-14 15:03:18.243400,32.876,33.8,31.894,31.989,27.386,24.103
2022-04-14 15:03:28.599400,32.881,33.798,31.889,31.97,27.394,24.098
2022-04-14 15:03:38.955400,32.881,33.813,31.889,31.981,27.379,24.109
2022-04-14 15:03:49.310400,32.894,33.8,31.899,31.947,27.368,24.106
2022-04-14 15:03:59.666400,32.879,33.774,31.876,31.952,27.329,24.109
2022-04-14 15:04:10.021400,32.876,33.777,31.881,31.952,27.324,24.114
2022-04-14 15:04:20.377400,32.881,33.766,31.873,31.939,27.274,24.109
2022-04-14 15:04:30.733400,32.881,33.756,31.87,31.952,27.271,24.075
2022-04-14 15:04:41.091400,32.873,33.766,31.865,31.936,27.279,24.085
2022-04-14 15:04:53.010400,32.873,33.766,31.87,31.936,27.276,24.098
2022-04-14 15:05:03.365400,32.868,33.771,31.876,31.926,27.282,24.106
2022-04-14 15:05:13.722400,32.894,33.804,31.927,31.957,27.275,24.096
2022-04-14 15:05:24.082400,32.918,33.796,31.948,31.96,27.272,24.077
2022-04-14 15:05:34.437400,32.899,33.791,31.908,31.944,27.275,24.077
2022-04-14 15:05:44.795400,32.938,33.83,31.968,32.008,27.3,24.081
2022-04-14 15:05:55.149400,32.946,33.801,31.946,31.994,27.289,24.075
2022-04-14 15:06:05.504400,32.975,33.843,31.973,32.005,27.3,24.08
2022-04-14 15:06:15.860400,32.975,33.845,32.005,32.024,27.281,24.098
2022-04-14 15:06:26.215400,32.956,33.828,32.002,32.0,27.276,24.145
2022-04-14 15:06:38.085400,32.92,33.825,31.989,31.995,27.31,24.132
2022-04-14 15:06:48.441400,32.899,33.836,31.954,31.978,27.302,24.131
2022-04-14 15:06:58.797400,32.91,33.813,31.975,31.97,27.279,24.126
2022-04-14 15:07:09.153400,32.92,33.809,31.974,31.969,27.276,24.116
2022-04-14 15:07:19.508400,32.915,33.795,31.972,31.965,27.268,24.135
2022-04-14 15:07:29.863400,32.91,33.795,31.996,31.973,27.239,24.158
2022-04-14 15:07:40.219400,32.912,33.779,31.972,31.967,27.242,24.14
2022-04-14 15:07:50.574400,32.91,33.774,31.962,31.96,27.192,24.14
2022-04-14 15:08:00.929400,32.904,33.784,31.97,31.957,27.187,24.129
2022-04-14 15:08:11.285400,32.902,33.779,31.959,31.962,27.171,24.137
2022-04-14 15:08:23.097400,32.896,33.8,31.962,31.973,27.176,24.114
2022-04-14 15:08:33.452400,32.91,33.779,31.957,31.946,27.208,24.124
2022-04-14 15:08:43.807400,32.894,33.813,31.957,31.967,27.213,24.135
2022-04-14 15:08:54.162400,32.896,33.787,31.977,31.965,27.189,24.148
2022-04-14 15:09:04.518400,32.91,33.8,32.009,31.962,27.218,24.129
2022-04-14 15:09:14.874400,32.91,33.805,31.998,31.954,27.237,24.121
2022-04-14 15:09:25.230400,32.907,33.816,31.993,31.954,27.226,24.148
2022-04-14 15:09:35.586400,32.902,33.805,31.97,31.986,27.231,24.142
2022-04-14 15:09:45.947400,32.889,33.797,31.97,31.981,27.26,24.135
2022-04-14 15:09:56.302400,32.915,33.821,31.983,31.978,27.279,24.114
2022-04-14 15:10:08.152400,32.92,33.834,31.954,31.978,27.297,24.106
2022-04-14 15:10:18.506400,32.915,33.839,31.962,31.996,27.3,24.103
2022-04-14 15:10:28.861400,32.894,33.829,31.962,31.991,27.297,24.114
2022-04-14 15:10:39.216400,32.933,33.829,31.975,31.978,27.318,24.124
2022-04-14 15:10:49.571400,32.92,33.813,31.972,31.988,27.326,24.114
2022-04-14 15:10:59.926400,32.917,33.823,31.951,31.994,27.323,24.09
2022-04-14 15:11:10.281400,32.912,33.813,31.954,31.965,27.334,24.098
2022-04-14 15:11:20.636400,32.923,33.823,31.936,31.996,27.336,24.095
2022-04-14 15:11:30.991400,32.907,33.842,31.943,31.996,27.347,24.106
2022-04-14 15:11:41.347400,32.902,33.847,31.957,31.994,27.362,24.095
2022-04-14 15:11:53.285400,32.915,33.834,31.983,31.994,27.376,24.095
2022-04-14 15:12:03.640400,32.928,33.842,31.967,32.004,27.394,24.108
2022-04-14 15:12:13.996400,32.907,33.839,31.941,32.015,27.41,24.1
2022-04-14 15:12:24.351400,32.899,33.821,31.959,31.988,27.381,24.093
2022-04-14 15:12:34.708400,32.933,33.819,31.966,31.984,27.362,24.082
2022-04-14 15:12:45.062400,32.938,33.835,31.984,32.015,27.343,24.085
2022-04-14 15:12:55.420400,32.951,33.854,32.003,32.022,27.366,24.106
2022-04-14 15:13:05.778400,33.024,33.883,32.028,32.039,27.375,24.095
2022-04-14 15:13:16.131400,32.98,33.848,32.026,32.03,27.332,24.09
2022-04-14 15:13:26.489400,32.982,33.877,32.023,32.054,27.329,24.091
2022-04-14 15:13:38.476400,32.967,33.857,32.022,32.033,27.331,24.102
2022-04-14 15:13:48.830400,32.964,33.867,32.009,32.041,27.346,24.109
2022-04-14 15:13:59.185400,32.964,33.852,32.014,32.03,27.336,24.128
2022-04-14 15:14:09.541400,32.969,33.849,32.022,32.027,27.331,24.117
2022-04-14 15:14:19.896400,32.975,33.854,32.009,32.033,27.307,24.116
2022-04-14 15:14:30.251400,32.954,33.833,32.016,32.014,27.325,24.125
2022-04-14 15:14:40.606400,32.943,33.833,31.998,32.02,27.302,24.136
2022-04-14 15:14:50.961400,32.946,33.852,32.003,32.038,27.325,24.133
2022-04-14 15:15:01.316400,32.956,33.862,32.014,32.022,27.328,24.145
2022-04-14 15:15:11.672400,32.946,33.862,31.993,32.022,27.328,24.142
2022-04-14 15:15:23.522400,32.959,33.849,31.998,32.006,27.304,24.126
2022-04-14 15:15:33.877400,32.954,33.86,32.001,32.025,27.318,24.137
2022-04-14 15:15:44.232400,32.956,33.873,32.014,32.025,27.315,24.118
2022-04-14 15:15:54.587400,32.938,33.839,31.995,32.012,27.323,24.105
2022-04-14 15:16:04.942400,32.951,33.846,32.003,32.001,27.291,24.087
2022-04-14 15:16:15.297400,32.946,33.839,32.022,32.009,27.289,24.126
2022-04-14 15:16:25.656400,32.948,33.841,32.009,32.006,27.273,24.126
2022-04-14 15:16:36.011400,32.961,33.867,32.003,32.006,27.291,24.116
2022-04-14 15:16:46.366400,32.948,33.833,32.001,32.006,27.289,24.113
2022-04-14 15:16:56.721400,32.951,33.839,32.019,32.006,27.307,24.105
2022-04-14 15:17:08.564400,32.935,33.857,32.001,32.006,27.302,24.097
2022-04-14 15:17:18.920400,32.94,33.846,32.001,32.001,27.302,24.092
2022-04-14 15:17:29.278400,32.954,33.849,32.014,31.996,27.318,24.111
2022-04-14 15:17:39.633400,32.943,33.873,32.001,32.009,27.323,24.116
2022-04-14 15:17:49.989400,32.956,33.867,32.003,32.017,27.36,24.116
2022-04-14 15:18:00.345400,32.938,33.862,32.03,32.03,27.346,24.111
2022-04-14 15:18:10.701400,32.948,33.86,32.03,32.02,27.352,24.129
2022-04-14 15:18:21.057400,32.954,33.867,32.04,32.027,27.365,24.097
2022-04-14 15:18:31.415400,32.943,33.878,32.019,32.012,27.386,24.097
2022-04-14 15:18:41.770400,32.956,33.873,32.035,32.017,27.399,24.116
2022-04-14 15:18:53.610400,32.94,33.875,32.043,32.009,27.396,24.111
2022-04-14 15:19:03.967400,32.959,33.865,32.04,32.046,27.417,24.09
2022-04-14 15:19:14.322400,32.961,33.894,32.027,32.033,27.412,24.111
2022-04-14 15:19:24.677400,32.959,33.883,32.003,32.022,27.42,24.087
2022-04-14 15:19:35.033400,33.003,33.922,32.024,32.056,27.458,24.105
2022-04-14 15:19:45.389400,33.019,33.933,32.046,32.057,27.467,24.142
2022-04-14 15:19:55.744400,33.05,33.971,32.059,32.102,27.488,24.145
2022-04-14 15:20:06.099400,33.045,33.969,32.085,32.093,27.484,24.155
2022-04-14 15:20:16.454400,33.076,33.985,32.1,32.133,27.505,24.17
2022-04-14 15:20:26.811400,33.055,33.967,32.091,32.117,27.519,24.17
2022-04-14 15:20:38.693400,33.026,33.937,32.086,32.104,27.524,24.169
2022-04-14 15:20:49.048400,33.008,33.957,32.078,32.097,27.543,24.214
2022-04-14 15:20:59.402400,33.008,33.93,32.061,32.09,27.527,24.231
2022-04-14 15:21:09.757400,32.987,33.946,32.071,32.116,27.543,24.239
2022-04-14 15:21:20.112400,33.011,33.917,32.027,32.103,27.509,24.247
2022-04-14 15:21:30.468400,32.985,33.896,32.029,32.093,27.48,24.249
2022-04-14 15:21:40.824400,33.0,33.891,32.021,32.082,27.44,24.241
2022-04-14 15:21:51.182400,32.998,33.893,32.011,32.103,27.44,24.251
2022-04-14 15:22:01.539400,33.0,33.904,31.987,32.085,27.467,24.26
2022-04-14 15:22:11.897400,32.987,33.896,31.982,32.066,27.459,24.265
2022-04-14 15:22:23.980400,32.987,33.885,32.024,32.072,27.448,24.268
2022-04-14 15:22:34.336400,32.985,33.891,32.006,32.069,27.43,24.27
2022-04-14 15:22:44.693400,32.992,33.885,32.019,32.072,27.425,24.268
2022-04-14 15:22:55.048400,32.987,33.885,31.993,32.074,27.433,24.275
2022-04-14 15:23:05.404400,32.985,33.899,32.008,32.087,27.446,24.257
2022-04-14 15:23:15.759400,32.974,33.891,31.985,32.082,27.433,24.257
2022-04-14 15:23:26.114400,32.974,33.875,31.982,32.061,27.406,24.236
2022-04-14 15:23:36.470400,32.958,33.87,31.985,32.069,27.422,24.228
2022-04-14 15:23:46.824400,32.987,33.878,31.977,32.082,27.425,24.231
2022-04-14 15:23:57.181400,32.979,33.859,31.972,32.074,27.393,24.241
2022-04-14 15:24:09.273400,32.977,33.883,31.985,32.093,27.435,24.233
2022-04-14 15:24:19.630400,32.995,33.885,31.964,32.074,27.409,24.244
2022-04-14 15:24:29.985400,32.979,33.875,31.972,32.074,27.404,24.236
2022-04-14 15:24:40.341400,32.971,33.875,31.974,32.077,27.404,24.228
2022-04-14 15:24:50.697400,32.974,33.885,31.974,32.069,27.425,24.212
2022-04-14 15:25:01.052400,32.969,33.893,32.006,32.079,27.409,24.223
2022-04-14 15:25:11.412400,32.966,33.912,31.987,32.098,27.448,24.247
2022-04-14 15:25:21.769400,32.99,33.885,31.972,32.09,27.467,24.233
2022-04-14 15:25:32.126400,32.987,33.893,31.985,32.082,27.454,24.244
2022-04-14 15:25:42.482400,32.977,33.904,31.985,32.087,27.485,24.26
2022-04-14 15:25:54.327400,32.974,33.906,31.977,32.087,27.469,24.252
2022-04-14 15:26:04.682400,32.995,33.906,31.982,32.085,27.464,24.278
2022-04-14 15:26:15.038400,33.003,33.922,32.019,32.087,27.477,24.268
2022-04-14 15:26:25.393400,32.985,33.906,32.011,32.085,27.503,24.27
2022-04-14 15:26:35.748400,33.026,33.929,32.054,32.108,27.51,24.265
2022-04-14 15:26:46.105400,33.037,33.943,32.079,32.121,27.518,24.262
2022-04-14 15:26:56.461400,33.078,33.97,32.102,32.139,27.556,24.265
2022-04-14 15:27:06.817400,33.037,33.953,32.068,32.14,27.533,24.243
2022-04-14 15:27:17.174400,33.089,33.987,32.122,32.181,27.565,24.252
2022-04-14 15:27:27.531400,33.118,33.994,32.096,32.159,27.566,24.277
2022-04-14 15:27:39.447400,33.091,34.026,32.111,32.185,27.605,24.299
2022-04-14 15:27:49.802400,33.081,34.04,32.106,32.193,27.618,24.276
2022-04-14 15:28:00.164400,33.081,34.002,32.088,32.179,27.628,24.308
2022-04-14 15:28:10.518400,33.073,33.975,32.088,32.17,27.579,24.284
2022-04-14 15:28:20.874400,33.055,33.983,32.075,32.164,27.571,24.272
2022-04-14 15:28:31.230400,33.076,33.972,32.066,32.155,27.563,24.28
2022-04-14 15:28:41.600400,33.081,33.964,32.084,32.147,27.569,24.259
2022-04-14 15:28:51.955400,33.037,33.966,32.097,32.155,27.527,24.272
2022-04-14 15:29:02.311400,33.05,33.945,32.097,32.145,27.506,24.257
2022-04-14 15:29:12.667400,33.05,33.961,32.089,32.153,27.49,24.28
2022-04-14 15:29:24.500400,33.055,33.953,32.089,32.147,27.508,24.301
2022-04-14 15:29:34.856400,33.055,33.951,32.1,32.147,27.506,24.301
2022-04-14 15:29:45.211400,33.068,33.974,32.087,32.158,27.532,24.32
2022-04-14 15:29:55.566400,33.057,33.977,32.073,32.153,27.532,24.314
2022-04-14 15:30:05.923400,33.068,33.979,32.089,32.171,27.548,24.322
2022-04-14 15:30:16.278400,33.055,33.969,32.084,32.168,27.55,24.301
2022-04-14 15:30:26.632400,33.042,33.956,32.076,32.168,27.545,24.307
2022-04-14 15:30:36.987400,33.047,33.969,32.081,32.171,27.55,24.304
2022-04-14 15:30:47.343400,33.063,33.977,32.081,32.166,27.55,24.307
2022-04-14 15:30:57.699400,33.065,33.982,32.076,32.163,27.592,24.304
2022-04-14 15:31:09.646400,33.065,33.969,32.058,32.166,27.569,24.333
2022-04-14 15:31:20.003400,33.044,33.982,32.068,32.174,27.592,24.314
2022-04-14 15:31:30.357400,33.057,33.953,32.071,32.171,27.582,24.317
2022-04-14 15:31:40.713400,33.042,33.945,32.081,32.16,27.569,24.304
2022-04-14 15:31:51.069400,33.034,33.924,32.066,32.113,27.574,24.304
2022-04-14 15:32:01.425400,33.037,33.919,32.06,32.118,27.55,24.288
2022-04-14 15:32:11.780400,33.018,33.911,32.055,32.116,27.545,24.283
2022-04-14 15:32:22.135400,33.018,33.906,32.058,32.111,27.519,24.312
2022-04-14 15:32:32.491400,32.984,33.875,32.06,32.092,27.529,24.328
2022-04-14 15:32:42.846400,33.002,33.885,32.05,32.105,27.534,24.325
2022-04-14 15:32:54.764400,32.987,33.877,32.042,32.087,27.537,24.343
2022-04-14 15:33:05.122400,32.987,33.872,32.031,32.097,27.548,24.317
2022-04-14 15:33:15.478400,32.976,33.88,32.024,32.074,27.545,24.309
2022-04-14 15:33:25.835400,32.974,33.875,32.021,32.074,27.548,24.283
2022-04-14 15:33:36.190400,32.96,33.856,32.018,32.069,27.558,24.286
2022-04-14 15:33:46.546400,33.002,33.884,32.051,32.103,27.585,24.275
2022-04-14 15:33:56.901400,32.979,33.868,32.035,32.086,27.6,24.259
2022-04-14 15:34:07.258400,33.005,33.876,32.048,32.095,27.617,24.287
2022-04-14 15:34:17.613400,33.041,33.921,32.08,32.117,27.621,24.282
2022-04-14 15:34:27.970400,33.012,33.907,32.085,32.118,27.632,24.289
2022-04-14 15:34:39.923400,32.986,33.885,32.088,32.096,27.644,24.289
2022-04-14 15:34:50.278400,33.01,33.891,32.074,32.125,27.636,24.282
2022-04-14 15:35:00.635400,33.026,33.887,32.078,32.134,27.668,24.279
2022-04-14 15:35:10.996400,32.989,33.921,32.086,32.129,27.684,24.302
2022-04-14 15:35:21.355400,33.002,33.898,32.091,32.147,27.694,24.291
2022-04-14 15:35:31.710400,33.002,33.906,32.099,32.123,27.67,24.292
2022-04-14 15:35:42.069400,32.999,33.906,32.115,32.131,27.665,24.298
2022-04-14 15:35:52.425400,33.005,33.903,32.097,32.123,27.67,24.289
2022-04-14 15:36:02.782400,33.005,33.882,32.084,32.113,27.663,24.305
2022-04-14 15:36:13.139400,32.989,33.898,32.102,32.121,27.681,24.318
2022-04-14 15:36:25.018400,32.976,33.908,32.076,32.129,27.689,24.325
2022-04-14 15:36:35.373400,32.981,33.892,32.076,32.121,27.699,24.327
2022-04-14 15:36:45.727400,32.973,33.882,32.105,32.105,27.66,24.311
2022-04-14 15:36:56.082400,32.991,33.879,32.097,32.105,27.668,24.311
2022-04-14 15:37:06.438400,32.96,33.861,32.094,32.105,27.663,24.311
2022-04-14 15:37:16.794400,32.976,33.861,32.091,32.071,27.626,24.335
2022-04-14 15:37:27.150400,32.989,33.848,32.073,32.076,27.629,24.322
2022-04-14 15:37:37.506400,32.968,33.853,32.091,32.087,27.576,24.33
2022-04-14 15:37:47.862400,32.96,33.861,32.078,32.1,27.605,24.325
2022-04-14 15:37:58.220400,32.957,33.848,32.091,32.079,27.597,24.314
2022-04-14 15:38:10.167400,32.965,33.858,32.089,32.081,27.594,24.314
2022-04-14 15:38:20.523400,32.96,33.853,32.091,32.06,27.608,24.319
2022-04-14 15:38:30.880400,32.952,33.843,32.094,32.06,27.587,24.306
2022-04-14 15:38:41.241400,32.965,33.843,32.086,32.058,27.61,24.304
2022-04-14 15:38:51.596400,32.965,33.832,32.097,32.053,27.579,24.34
2022-04-14 15:39:01.958400,32.949,33.814,32.076,32.053,27.563,24.346
2022-04-14 15:39:12.317400,32.934,33.806,32.086,32.063,27.529,24.348
2022-04-14 15:39:22.672400,32.96,33.84,32.042,32.055,27.56,24.327
2022-04-14 15:39:33.033400,32.952,33.827,32.049,32.068,27.571,24.343
2022-04-14 15:39:43.389400,32.952,33.824,32.023,32.06,27.566,24.327
2022-04-14 15:39:55.344400,32.947,33.824,31.987,32.05,27.563,24.343
2022-04-14 15:40:05.699400,32.939,33.803,32.018,32.045,27.537,24.364
2022-04-14 15:40:16.054400,32.939,33.795,32.015,32.042,27.55,24.33
2022-04-14 15:40:26.408400,32.952,33.81,32.017,32.033,27.55,24.319
2022-04-14 15:40:36.763400,32.955,33.814,32.013,32.055,27.539,24.332
2022-04-14 15:40:47.118400,32.983,33.85,32.057,32.073,27.553,24.34
2022-04-14 15:40:57.473400,32.983,33.842,32.065,32.081,27.54,24.359
2022-04-14 15:41:07.829400,33.022,33.872,32.091,32.104,27.536,24.366
2022-04-14 15:41:18.184400,33.014,33.874,32.046,32.102,27.538,24.378
2022-04-14 15:41:28.540400,32.986,33.834,32.052,32.081,27.526,24.378
2022-04-14 15:41:40.529400,32.952,33.858,32.044,32.089,27.534,24.372
2022-04-14 15:41:50.884400,32.962,33.827,32.044,32.078,27.555,24.374
2022-04-14 15:42:01.239400,32.97,33.866,32.041,32.089,27.547,24.395
2022-04-14 15:42:11.594400,32.954,33.853,32.057,32.086,27.555,24.433
2022-04-14 15:42:21.952400,32.944,33.869,32.06,32.078,27.557,24.434
2022-04-14 15:42:32.307400,32.962,33.863,32.054,32.086,27.607,24.457
2022-04-14 15:42:42.663400,32.97,33.861,32.057,32.068,27.615,24.457
2022-04-14 15:42:53.023400,32.962,33.845,32.033,32.102,27.584,24.483
2022-04-14 15:43:03.379400,32.965,33.861,32.028,32.089,27.612,24.47
2022-04-14 15:43:13.734400,32.965,33.866,32.018,32.086,27.623,24.441
2022-04-14 15:43:25.616400,32.96,33.858,32.015,32.089,27.623,24.442
2022-04-14 15:43:35.973400,32.954,33.855,32.018,32.097,27.641,24.432
2022-04-14 15:43:46.330400,32.936,33.842,32.015,32.081,27.649,24.424
2022-04-14 15:43:56.685400,32.946,33.861,32.015,32.089,27.633,24.424
2022-04-14 15:44:07.040400,32.967,33.858,32.036,32.089,27.623,24.445
2022-04-14 15:44:17.395400,32.952,33.834,32.031,32.071,27.605,24.408
2022-04-14 15:44:27.750400,32.941,33.84,32.025,32.073,27.61,24.413
2022-04-14 15:44:38.105400,32.949,33.832,32.031,32.065,27.586,24.411
2022-04-14 15:44:48.461400,32.941,33.845,32.002,32.091,27.602,24.403
2022-04-14 15:44:58.818400,32.96,33.821,31.991,32.097,27.578,24.4
2022-04-14 15:45:10.725400,32.954,33.863,32.01,32.089,27.597,24.392
2022-04-14 15:45:21.080400,32.96,33.834,32.007,32.071,27.599,24.405
2022-04-14 15:45:31.435400,32.954,33.834,32.012,32.076,27.578,24.403
2022-04-14 15:45:41.789400,32.981,33.861,32.015,32.06,27.599,24.392
2022-04-14 15:45:52.144400,32.957,33.834,32.004,32.073,27.576,24.398
2022-04-14 15:46:02.501400,32.965,33.829,32.028,32.081,27.576,24.374
2022-04-14 15:46:12.865400,32.952,33.834,31.989,32.078,27.568,24.379
2022-04-14 15:46:23.220400,32.939,33.829,32.002,32.06,27.534,24.377
2022-04-14 15:46:33.576400,32.944,33.848,31.989,32.068,27.521,24.369
2022-04-14 15:46:43.937400,32.965,33.816,31.981,32.055,27.526,24.379
2022-04-14 15:46:55.880400,32.975,33.849,32.021,32.081,27.566,24.366
2022-04-14 15:47:06.235400,32.931,33.825,31.999,32.076,27.522,24.367
2022-04-14 15:47:16.590400,32.941,33.838,32.001,32.063,27.543,24.358
2022-04-14 15:47:26.945400,32.936,33.828,32.021,32.086,27.569,24.383
2022-04-14 15:47:37.301400,32.936,33.808,32.031,32.063,27.528,24.357
2022-04-14 15:47:47.657400,32.941,33.819,32.032,32.074,27.531,24.373
2022-04-14 15:47:58.012400,33.006,33.873,32.045,32.1,27.575,24.38
2022-04-14 15:48:08.367400,33.009,33.879,32.064,32.112,27.567,24.378
2022-04-14 15:48:18.722400,32.983,33.868,32.071,32.106,27.562,24.401
2022-04-14 15:48:29.079400,32.996,33.873,32.07,32.107,27.573,24.414
2022-04-14 15:48:41.033400,32.996,33.866,32.08,32.107,27.56,24.404
2022-04-14 15:48:51.389400,33.012,33.881,32.054,32.125,27.578,24.412
2022-04-14 15:49:01.745400,32.985,33.868,32.059,32.107,27.562,24.394
2022-04-14 15:49:12.101400,32.993,33.881,32.028,32.115,27.57,24.378
2022-04-14 15:49:22.456400,32.996,33.876,32.049,32.107,27.567,24.386
2022-04-14 15:49:32.812400,33.001,33.91,32.033,32.107,27.588,24.367
2022-04-14 15:49:43.168400,33.006,33.902,32.043,32.117,27.602,24.365
2022-04-14 15:49:53.523400,32.993,33.907,32.043,32.125,27.638,24.373
2022-04-14 15:50:03.879400,33.012,33.897,32.046,32.117,27.63,24.362
2022-04-14 15:50:14.234400,32.996,33.9,32.043,32.125,27.636,24.352
2022-04-14 15:50:26.261400,33.006,33.91,32.062,32.133,27.62,24.362
2022-04-14 15:50:36.618400,33.009,33.913,32.064,32.125,27.651,24.362
2022-04-14 15:50:46.976400,33.009,33.897,32.054,32.133,27.659,24.375
2022-04-14 15:50:57.333400,33.006,33.91,32.062,32.128,27.657,24.417
2022-04-14 15:51:07.688400,33.006,33.907,32.02,32.112,27.696,24.399
2022-04-14 15:51:18.043400,33.004,33.9,32.022,32.133,27.683,24.406
2022-04-14 15:51:28.398400,33.012,33.894,32.043,32.117,27.688,24.402
2022-04-14 15:51:38.753400,33.009,33.915,32.03,32.133,27.691,24.408
2022-04-14 15:51:49.115400,32.993,33.902,31.994,32.13,27.672,24.418
2022-04-14 15:51:59.473400,33.009,33.931,32.009,32.157,27.699,24.442
2022-04-14 15:52:11.553400,32.985,33.902,32.02,32.123,27.717,24.46
2022-04-14 15:52:21.908400,32.988,33.905,32.022,32.144,27.735,24.463
2022-04-14 15:52:32.263400,33.012,33.918,32.022,32.149,27.741,24.458
2022-04-14 15:52:42.618400,32.991,33.9,32.015,32.13,27.704,24.45
2022-04-14 15:52:52.973400,32.991,33.894,31.999,32.133,27.717,24.442
2022-04-14 15:53:03.330400,32.98,33.881,32.005,32.124,27.678,24.434
2022-04-14 15:53:13.685400,32.972,33.866,32.003,32.119,27.68,24.444
2022-04-14 15:53:24.040400,33.001,33.885,32.018,32.14,27.685,24.429
2022-04-14 15:53:34.396400,32.998,33.905,32.035,32.141,27.704,24.431
2022-04-14 15:53:44.752400,33.004,33.907,32.049,32.151,27.709,24.452
2022-04-14 15:53:56.875400,33.014,33.92,32.056,32.177,27.73,24.452
2022-04-14 15:54:07.231400,33.035,33.92,32.041,32.19,27.727,24.44
2022-04-14 15:54:17.587400,33.038,33.912,32.058,32.181,27.724,24.44
2022-04-14 15:54:27.944400,33.037,33.936,32.088,32.183,27.748,24.477
2022-04-14 15:54:38.299400,33.043,33.941,32.061,32.201,27.732,24.495
2022-04-14 15:54:48.653400,33.009,33.918,32.042,32.171,27.735,24.527
2022-04-14 15:54:59.008400,33.04,33.944,32.064,32.209,27.727,24.545
2022-04-14 15:55:09.363400,33.032,33.957,32.061,32.193,27.738,24.561
2022-04-14 15:55:19.717400,33.022,33.986,32.056,32.198,27.769,24.582
2022-04-14 15:55:30.075400,33.058,33.999,32.064,32.193,27.811,24.577
2022-04-14 15:55:42.147400,33.048,34.002,32.075,32.188,27.842,24.529
2022-04-14 15:55:52.505400,33.061,33.994,32.03,32.211,27.827,24.535
2022-04-14 15:56:02.860400,33.058,34.02,32.051,32.201,27.837,24.529
2022-04-14 15:56:13.215400,33.069,34.044,32.056,32.227,27.869,24.524
2022-04-14 15:56:23.571400,32.977,33.868,32.027,32.08,27.863,24.524
2022-04-14 15:56:34.062400,32.812,33.519,31.954,31.857,27.856,24.519
2022-04-14 15:56:44.475400,32.576,33.112,31.86,31.611,27.827,24.514
2022-04-14 15:56:54.833400,32.345,32.761,31.768,31.39,27.793,24.535
2022-04-14 15:57:05.233400,32.114,32.431,31.655,31.183,27.748,24.55
2022-04-14 15:57:15.633400,31.91,32.108,31.589,30.994,27.709,24.543
2022-04-14 15:57:27.793400,31.687,31.801,31.479,30.748,27.656,24.537
2022-04-14 15:57:38.152400,31.495,31.576,31.395,30.583,27.604,24.556
2022-04-14 15:57:48.518400,31.317,31.334,31.306,30.441,27.564,24.553
2022-04-14 15:57:58.887400,31.128,31.159,31.206,30.278,27.541,24.524
2022-04-14 15:58:09.283400,30.997,30.936,31.117,30.155,27.488,24.553
2022-04-14 15:58:19.653400,30.829,30.776,31.023,29.99,27.428,24.529
2022-04-14 15:58:30.051400,30.69,30.605,30.96,29.867,27.368,24.522
2022-04-14 15:58:40.421400,30.556,30.429,30.871,29.741,27.347,24.51
2022-04-14 15:58:50.819400,30.428,30.304,30.8,29.644,27.294,24.509
2022-04-14 15:59:01.188400,30.299,30.159,30.716,29.528,27.273,24.514
2022-04-14 15:59:13.352400,30.15,30.018,30.614,29.395,27.203,24.489
2022-04-14 15:59:23.750400,30.058,29.905,30.532,29.305,27.195,24.515
2022-04-14 15:59:34.154400,29.956,29.787,30.454,29.206,27.15,24.521
2022-04-14 15:59:44.552400,29.835,29.661,30.395,29.118,27.134,24.557
2022-04-14 15:59:54.948400,29.73,29.569,30.303,29.026,27.095,24.506
2022-04-14 16:00:05.344400,29.633,29.455,30.243,28.938,27.073,24.51
2022-04-14 16:00:15.743400,29.502,29.348,30.152,28.857,27.047,24.504
2022-04-14 16:00:26.139400,29.408,29.252,30.064,28.776,27.036,24.494
2022-04-14 16:00:36.536400,29.332,29.187,30.038,28.705,27.005,24.496
2022-04-14 16:00:46.933400,29.269,29.101,29.961,28.634,26.991,24.478
2022-04-14 16:00:59.036400,29.229,29.068,29.907,28.593,26.995,24.481
2022-04-14 16:01:09.436400,29.096,28.954,29.796,28.487,26.944,24.494
2022-04-14 16:01:19.807400,29.124,28.966,29.811,28.516,27.005,24.483
2022-04-14 16:01:30.170400,29.045,28.871,29.736,28.43,26.984,24.468
2022-04-14 16:01:40.542400,28.998,28.819,29.665,28.373,26.943,24.468
2022-04-14 16:01:50.938400,28.912,28.745,29.626,28.326,26.937,24.502
2022-04-14 16:02:01.312400,28.859,28.701,29.575,28.267,26.948,24.494
2022-04-14 16:02:11.708400,28.796,28.651,29.514,28.219,26.922,24.512
2022-04-14 16:02:22.107400,28.733,28.596,29.467,28.18,26.927,24.531
2022-04-14 16:02:32.503400,28.686,28.538,29.407,28.096,26.898,24.538
2022-04-14 16:02:44.739400,28.605,28.462,29.331,28.057,26.869,24.515
2022-04-14 16:02:55.137400,28.565,28.42,29.255,28.007,26.856,24.504
2022-04-14 16:03:05.533400,28.51,28.373,29.215,27.978,26.845,24.515
2022-04-14 16:03:15.930400,28.461,28.31,29.168,27.926,26.832,24.52
2022-04-14 16:03:26.332400,28.398,28.247,29.118,27.873,26.806,24.531
2022-04-14 16:03:36.701400,28.358,28.226,29.045,27.842,26.801,24.557
2022-04-14 16:03:47.071400,28.319,28.153,28.987,27.779,26.785,24.544
2022-04-14 16:03:57.468400,28.238,28.095,28.948,27.755,26.775,24.546
2022-04-14 16:04:07.865400,28.196,28.069,28.892,27.712,26.746,24.562
2022-04-14 16:04:18.265400,28.146,28.004,28.843,27.684,26.739,24.594
2022-04-14 16:04:30.443400,28.086,27.955,28.789,27.624,26.739,24.609
2022-04-14 16:04:40.805400,28.044,27.921,28.719,27.608,26.716,24.601
2022-04-14 16:04:51.201400,27.989,27.873,28.661,27.565,26.684,24.604
2022-04-14 16:05:01.606400,27.939,27.812,28.598,27.509,26.697,24.635
2022-04-14 16:05:11.975400,27.868,27.759,28.553,27.498,26.684,24.6
2022-04-14 16:05:22.375400,27.852,27.752,28.504,27.456,26.661,24.595
2022-04-14 16:05:32.745400,27.8,27.699,28.451,27.427,26.668,24.605
2022-04-14 16:05:43.154400,27.782,27.676,28.396,27.385,26.648,24.602
2022-04-14 16:05:53.528400,27.734,27.649,28.344,27.351,26.65,24.588
2022-04-14 16:06:03.897400,27.703,27.613,28.307,27.325,26.629,24.591
2022-04-14 16:06:15.968400,27.648,27.558,28.247,27.286,26.624,24.571
2022-04-14 16:06:26.333400,27.63,27.534,28.205,27.265,26.619,24.591
2022-04-14 16:06:36.699400,27.58,27.505,28.155,27.233,26.606,24.549
2022-04-14 16:06:47.067400,27.585,27.466,28.105,27.202,26.592,24.551
2022-04-14 16:06:57.437400,27.532,27.426,28.084,27.181,26.585,24.551
2022-04-14 16:07:07.833400,27.511,27.43,28.046,27.165,26.587,24.538
2022-04-14 16:07:18.234400,27.553,27.435,28.07,27.191,26.584,24.554
2022-04-14 16:07:28.604400,27.448,27.354,27.957,27.118,26.561,24.541
2022-04-14 16:07:39.004400,27.485,27.393,27.955,27.152,26.597,24.547
2022-04-14 16:07:49.373400,27.516,27.42,27.94,27.138,26.627,24.567
2022-04-14 16:08:01.498400,27.458,27.368,27.912,27.128,26.599,24.564
2022-04-14 16:08:11.897400,27.432,27.35,27.854,27.099,26.583,24.562
2022-04-14 16:08:22.299400,27.414,27.31,27.817,27.073,26.57,24.57
2022-04-14 16:08:32.705400,27.377,27.297,27.775,27.057,26.567,24.572
2022-04-14 16:08:43.074400,27.364,27.271,27.723,27.033,26.549,24.593
2022-04-14 16:08:53.443400,27.322,27.24,27.694,27.015,26.554,24.593
2022-04-14 16:09:03.816400,27.311,27.216,27.657,26.994,26.541,24.598
2022-04-14 16:09:14.183400,27.272,27.182,27.621,26.957,26.538,24.58
2022-04-14 16:09:24.553400,27.246,27.158,27.592,26.942,26.52,24.588
2022-04-14 16:09:34.949400,27.199,27.115,27.52,26.915,26.498,24.596
2022-04-14 16:09:47.137400,27.152,27.103,27.483,26.906,26.53,24.591
2022-04-14 16:09:57.502400,27.146,27.089,27.467,26.863,26.503,24.593
2022-04-14 16:10:07.897400,27.107,27.044,27.383,26.854,26.471,24.577
2022-04-14 16:10:18.296400,27.063,27.002,27.364,26.816,26.466,24.575
2022-04-14 16:10:28.695400,27.036,26.98,27.31,26.811,26.477,24.572
2022-04-14 16:10:39.093400,27.018,26.949,27.271,26.79,26.466,24.564
2022-04-14 16:10:49.488400,26.976,26.928,27.252,26.779,26.443,24.579
2022-04-14 16:10:59.885400,26.96,26.915,27.208,26.761,26.435,24.585
2022-04-14 16:11:10.281400,26.95,26.884,27.196,26.737,26.458,24.565
2022-04-14 16:11:20.650400,26.937,26.884,27.171,26.749,26.453,24.571
2022-04-14 16:11:32.846400,26.947,26.899,27.155,26.733,26.465,24.579
2022-04-14 16:11:43.243400,26.934,26.876,27.139,26.734,26.469,24.62
2022-04-14 16:11:53.638400,26.96,26.911,27.161,26.747,26.493,24.592
2022-04-14 16:12:04.006400,26.936,26.911,27.101,26.721,26.491,24.589
2022-04-14 16:12:14.404400,26.931,26.861,27.096,26.716,26.462,24.594
2022-04-14 16:12:24.774400,26.891,26.851,27.059,26.708,26.462,24.579
2022-04-14 16:12:35.172400,26.884,26.838,27.025,26.697,26.446,24.581
2022-04-14 16:12:45.568400,26.855,26.812,26.996,26.684,26.449,24.576
2022-04-14 16:12:55.939400,26.836,26.793,26.959,26.645,26.449,24.579
2022-04-14 16:13:06.337400,26.813,26.757,26.951,26.64,26.436,24.565
2022-04-14 16:13:18.532400,26.787,26.746,26.899,26.616,26.42,24.568
2022-04-14 16:13:28.933400,26.776,26.73,26.883,26.621,26.407,24.586
2022-04-14 16:13:39.329400,26.763,26.72,26.86,26.577,26.412,24.618
2022-04-14 16:13:49.698400,26.739,26.696,26.831,26.571,26.428,24.626
2022-04-14 16:14:00.095400,26.721,26.67,26.794,26.561,26.401,24.632
2022-04-14 16:14:10.490400,26.697,26.67,26.76,26.545,26.399,24.614
2022-04-14 16:14:20.887400,26.676,26.646,26.739,26.537,26.383,24.624
2022-04-14 16:14:31.285400,26.627,26.588,26.685,26.505,26.361,24.608
2022-04-14 16:14:41.659400,26.595,26.575,26.656,26.479,26.358,24.606
2022-04-14 16:14:52.056400,26.561,26.559,26.611,26.464,26.353,24.595
2022-04-14 16:15:04.177400,26.556,26.556,26.6,26.467,26.353,24.582
2022-04-14 16:15:14.574400,26.632,26.592,26.634,26.506,26.392,24.567
2022-04-14 16:15:24.968400,26.613,26.588,26.625,26.507,26.417,24.582
2022-04-14 16:15:35.366400,26.608,26.617,26.618,26.513,26.388,24.584
2022-04-14 16:15:45.762400,26.608,26.586,26.573,26.485,26.385,24.566
2022-04-14 16:15:56.132400,26.595,26.557,26.56,26.471,26.372,24.578
2022-04-14 16:16:06.532400,26.568,26.541,26.531,26.458,26.364,24.613
2022-04-14 16:16:16.934400,26.532,26.536,26.502,26.443,26.357,24.619
2022-04-14 16:16:27.305400,26.526,26.523,26.479,26.435,26.354,24.587
2022-04-14 16:16:37.703400,26.526,26.481,26.458,26.416,26.333,24.587
2022-04-14 16:16:49.838400,26.482,26.468,26.434,26.409,26.349,24.556
2022-04-14 16:17:00.190400,26.474,26.481,26.413,26.398,26.336,24.561
2022-04-14 16:17:10.590400,26.469,26.447,26.4,26.382,26.315,24.569
2022-04-14 16:17:20.986400,26.453,26.423,26.374,26.377,26.299,24.579
2022-04-14 16:17:31.364400,26.437,26.421,26.353,26.364,26.304,24.53
2022-04-14 16:17:41.730400,26.414,26.415,26.316,26.343,26.301,24.543
2022-04-14 16:17:52.126400,26.398,26.4,26.311,26.346,26.299,24.514
2022-04-14 16:18:02.505400,26.406,26.38,26.299,26.323,26.299,24.522
2022-04-14 16:18:12.875400,26.453,26.424,26.316,26.387,26.325,24.524
2022-04-14 16:18:23.242400,26.424,26.402,26.294,26.347,26.304,24.533
2022-04-14 16:18:35.399400,26.392,26.397,26.274,26.337,26.32,24.541
2022-04-14 16:18:45.772400,26.379,26.381,26.256,26.337,26.317,24.577
2022-04-14 16:18:56.170400,26.348,26.37,26.227,26.337,26.296,24.579
2022-04-14 16:19:06.568400,26.361,26.365,26.221,26.298,26.283,24.548
2022-04-14 16:19:16.964400,26.337,26.339,26.187,26.298,26.312,24.553
2022-04-14 16:19:27.360400,26.329,26.32,26.169,26.282,26.283,24.569
2022-04-14 16:19:37.757400,26.303,26.313,26.156,26.261,26.278,24.58
2022-04-14 16:19:48.156400,26.303,26.294,26.13,26.261,26.257,24.592
2022-04-14 16:19:58.528400,26.248,26.281,26.09,26.253,26.267,24.574
2022-04-14 16:20:08.927400,26.259,26.279,26.077,26.251,26.259,24.545
2022-04-14 16:20:21.320400,26.243,26.252,26.062,26.219,26.238,24.553
2022-04-14 16:20:31.673400,26.227,26.244,26.033,26.206,26.246,24.532
2022-04-14 16:20:42.069400,26.209,26.221,26.02,26.209,26.228,24.542
2022-04-14 16:20:52.440400,26.214,26.202,26.009,26.19,26.225,24.533
2022-04-14 16:21:02.839400,26.271,26.282,26.035,26.243,26.264,24.548
2022-04-14 16:21:13.243400,26.269,26.277,26.034,26.231,26.243,24.555
2022-04-14 16:21:23.613400,26.287,26.299,26.043,26.241,26.276,24.532
2022-04-14 16:21:34.010400,26.268,26.252,26.012,26.232,26.263,24.529
2022-04-14 16:21:44.406400,26.227,26.231,25.978,26.199,26.248,24.516
2022-04-14 16:21:54.778400,26.2,26.215,25.948,26.193,26.242,24.498
2022-04-14 16:22:06.992400,26.185,26.181,25.938,26.201,26.233,24.506
2022-04-14 16:22:17.389400,26.156,26.165,25.917,26.172,26.227,24.495
2022-04-14 16:22:27.788400,26.135,26.152,25.885,26.143,26.212,24.49
2022-04-14 16:22:38.185400,26.135,26.137,25.87,26.146,26.212,24.503
2022-04-14 16:22:48.583400,26.109,26.137,25.857,26.127,26.207,24.536
2022-04-14 16:22:58.982400,26.098,26.108,25.849,26.138,26.191,24.519
2022-04-14 16:23:09.388400,26.08,26.11,25.822,26.125,26.188,24.545
2022-04-14 16:23:19.758400,26.059,26.089,25.812,26.098,26.183,24.562
2022-04-14 16:23:30.154400,26.059,26.097,25.815,26.093,26.167,24.587
2022-04-14 16:23:40.506400,26.135,26.156,25.843,26.132,26.209,24.558
2022-04-14 16:23:52.691400,26.153,26.139,25.857,26.129,26.223,24.576
2022-04-14 16:24:03.053400,26.129,26.138,25.853,26.139,26.215,24.589
2022-04-14 16:24:13.451400,26.147,26.159,25.832,26.149,26.218,24.605
2022-04-14 16:24:23.851400,26.121,26.115,25.806,26.141,26.221,24.608
2022-04-14 16:24:34.221400,26.118,26.125,25.785,26.107,26.205,24.584
2022-04-14 16:24:44.619400,26.098,26.107,25.78,26.107,26.2,24.574
2022-04-14 16:24:54.989400,26.095,26.11,25.772,26.094,26.197,24.594
2022-04-14 16:25:05.389400,26.04,26.085,25.759,26.077,26.183,24.592
2022-04-14 16:25:15.790400,26.003,26.043,25.716,26.049,26.162,24.592
2022-04-14 16:25:26.189400,25.993,26.021,25.67,26.038,26.159,24.589
2022-04-14 16:25:38.413400,25.982,26.013,25.657,26.046,26.149,24.613
2022-04-14 16:25:48.769400,25.969,26.015,25.646,26.032,26.151,24.597
2022-04-14 16:25:59.138400,25.967,25.984,25.646,26.027,26.141,24.626
2022-04-14 16:26:09.505400,25.948,25.993,25.624,26.01,26.149,24.613
2022-04-14 16:26:19.904400,26.019,26.019,25.683,26.066,26.196,24.592
2022-04-14 16:26:30.307400,26.04,26.052,25.697,26.069,26.192,24.597
2022-04-14 16:26:40.673400,26.034,26.041,25.693,26.065,26.205,24.605
2022-04-14 16:26:51.069400,26.024,26.049,25.698,26.054,26.184,24.589
2022-04-14 16:27:01.472400,26.011,26.036,25.654,26.031,26.197,24.584
2022-04-14 16:27:11.839400,26.016,26.023,25.646,26.033,26.194,24.573
2022-04-14 16:27:24.067400,26.0,26.025,25.651,26.047,26.181,24.573
2022-04-14 16:27:34.465400,25.987,26.01,25.62,26.02,26.184,24.579
2022-04-14 16:27:44.863400,25.963,25.986,25.606,26.02,26.168,24.573
2022-04-14 16:27:55.262400,25.961,25.989,25.601,26.005,26.157,24.555
2022-04-14 16:28:05.664400,25.937,25.974,25.562,25.982,26.151,24.569
2022-04-14 16:28:16.059400,25.877,25.919,25.524,25.955,26.14,24.584
2022-04-14 16:28:26.427400,25.888,25.913,25.523,25.938,26.138,24.573
2022-04-14 16:28:36.823400,25.89,25.909,25.537,25.955,26.146,24.612
2022-04-14 16:28:47.222400,25.89,25.901,25.493,25.982,26.136,24.607
2022-04-14 16:28:57.620400,25.921,25.929,25.549,25.99,26.156,24.633
2022-04-14 16:29:09.761400,25.953,26.001,25.572,26.007,26.181,24.633
2022-04-14 16:29:20.160400,25.937,25.965,25.546,26.004,26.183,24.633
2022-04-14 16:29:30.557400,25.934,25.97,25.562,26.002,26.165,24.636
2022-04-14 16:29:40.965400,25.921,25.952,25.538,25.994,26.178,24.641
2022-04-14 16:29:51.368400,25.929,25.967,25.53,25.981,26.178,24.649
2022-04-14 16:30:01.765400,25.926,25.938,25.533,25.981,26.168,24.628
2022-04-14 16:30:12.135400,25.911,25.928,25.504,25.965,26.168,24.646
2022-04-14 16:30:22.531400,25.911,25.917,25.52,25.949,26.144,24.66
2022-04-14 16:30:32.900400,25.905,25.923,25.472,25.957,26.152,24.678
2022-04-14 16:30:43.299400,25.882,25.904,25.465,25.928,26.149,24.671
2022-04-14 16:30:55.560400,25.876,25.878,25.459,25.944,26.144,24.671
2022-04-14 16:31:05.958400,25.832,25.87,25.427,25.915,26.132,24.655
2022-04-14 16:31:16.356400,25.811,25.852,25.433,25.909,26.121,24.666
2022-04-14 16:31:26.727400,25.795,25.83,25.39,25.907,26.106,24.651
2022-04-14 16:31:37.128400,25.811,25.851,25.416,25.927,26.152,24.651
2022-04-14 16:31:47.525400,25.892,25.914,25.491,25.959,26.183,24.633
2022-04-14 16:31:57.921400,25.889,25.933,25.477,25.959,26.181,24.662
2022-04-14 16:32:08.318400,25.871,25.896,25.446,25.965,26.157,24.644
2022-04-14 16:32:18.717400,25.871,25.917,25.433,25.938,26.17,24.638
2022-04-14 16:32:29.088400,25.855,25.901,25.433,25.923,26.167,24.633
2022-04-14 16:32:41.452400,25.842,25.891,25.441,25.923,26.165,24.644
2022-04-14 16:32:51.812400,25.834,25.886,25.412,25.931,26.141,24.624
2022-04-14 16:33:02.208400,25.837,25.88,25.399,25.925,26.131,24.632
2022-04-14 16:33:12.578400,25.831,25.852,25.409,25.894,26.131,24.633
2022-04-14 16:33:22.974400,25.826,25.873,25.401,25.899,26.136,24.632
2022-04-14 16:33:33.344400,25.805,25.838,25.399,25.912,26.133,24.645
2022-04-14 16:33:43.742400,25.818,25.831,25.372,25.878,26.139,24.637
2022-04-14 16:33:54.139400,25.795,25.82,25.352,25.889,26.136,24.643
2022-04-14 16:34:04.536400,25.792,25.817,25.345,25.856,26.133,24.642
2022-04-14 16:34:14.932400,25.79,25.807,25.353,25.876,26.114,24.658
2022-04-14 16:34:27.158400,25.829,25.849,25.388,25.915,26.167,24.633
2022-04-14 16:34:37.562400,25.836,25.87,25.396,25.936,26.149,24.651
2022-04-14 16:34:47.958400,25.826,25.864,25.383,25.896,26.172,24.641
2022-04-14 16:34:58.312400,25.805,25.836,25.383,25.896,26.151,24.643
2022-04-14 16:35:08.711400,25.818,25.841,25.367,25.917,26.146,24.646
2022-04-14 16:35:19.114400,25.787,25.833,25.357,25.896,26.154,24.626
2022-04-14 16:35:29.516400,25.787,25.817,25.359,25.899,26.151,24.646
2022-04-14 16:35:39.913400,25.789,25.815,25.338,25.883,26.157,24.639
2022-04-14 16:35:50.309400,25.802,25.82,25.333,25.857,26.125,24.639
2022-04-14 16:36:00.706400,25.771,25.817,25.336,25.875,26.136,24.624
2022-04-14 16:36:13.025400,25.76,25.796,25.333,25.865,26.115,24.618
2022-04-14 16:36:23.389400,25.76,25.809,25.322,25.867,26.138,24.626
2022-04-14 16:36:33.787400,25.758,25.788,25.312,25.846,26.11,24.605
2022-04-14 16:36:44.187400,25.755,25.77,25.291,25.844,26.107,24.618
2022-04-14 16:36:54.590400,25.729,25.794,25.286,25.836,26.099,24.63
2022-04-14 16:37:04.992400,25.81,25.829,25.356,25.886,26.151,24.635
2022-04-14 16:37:15.364400,25.797,25.81,25.343,25.879,26.16,24.648
2022-04-14 16:37:25.761400,25.794,25.816,25.323,25.891,26.16,24.651
2022-04-14 16:37:36.131400,25.789,25.817,25.322,25.87,26.159,24.633
2022-04-14 16:37:46.529400,25.765,25.809,25.314,25.896,26.149,24.614
2022-04-14 16:37:58.768400,25.757,25.799,25.304,25.862,26.13,24.635
2022-04-14 16:38:09.123400,25.752,25.801,25.301,25.851,26.125,24.647
2022-04-14 16:38:19.519400,25.728,25.788,25.285,25.857,26.128,24.652
2022-04-14 16:38:29.916400,25.739,25.762,25.275,25.836,26.12,24.639
2022-04-14 16:38:40.313400,25.726,25.767,25.285,25.838,26.117,24.631
2022-04-14 16:38:50.715400,25.731,25.772,25.272,25.836,26.117,24.621
2022-04-14 16:39:01.081400,25.744,25.754,25.262,25.828,26.088,24.636
2022-04-14 16:39:11.478400,25.736,25.741,25.251,25.823,26.112,24.663
2022-04-14 16:39:21.879400,25.715,25.749,25.257,25.802,26.078,24.671
2022-04-14 16:39:32.277400,25.7,25.73,25.236,25.807,26.088,24.693
2022-04-14 16:39:44.626400,25.752,25.764,25.268,25.843,26.118,24.69
2022-04-14 16:39:55.045400,25.76,25.772,25.273,25.837,26.143,24.711
2022-04-14 16:40:05.403400,25.804,25.824,25.314,25.889,26.165,24.687
2022-04-14 16:40:15.800400,25.77,25.804,25.286,25.854,26.142,24.695
2022-04-14 16:40:26.173400,25.746,25.776,25.281,25.846,26.137,24.69
2022-04-14 16:40:36.570400,25.733,25.769,25.267,25.838,26.114,24.674
2022-04-14 16:40:46.968400,25.72,25.759,25.262,25.833,26.099,24.701
2022-04-14 16:40:57.338400,25.715,25.746,25.27,25.835,26.12,24.695
2022-04-14 16:41:07.735400,25.712,25.769,25.233,25.822,26.106,24.712
2022-04-14 16:41:18.139400,25.712,25.738,25.228,25.822,26.112,24.707
2022-04-14 16:41:30.446400,25.702,25.743,25.222,25.807,26.096,24.707
2022-04-14 16:41:40.844400,25.699,25.741,25.22,25.815,26.12,24.694
2022-04-14 16:41:51.241400,25.684,25.722,25.212,25.812,26.078,24.652
2022-04-14 16:42:01.613400,25.678,25.722,25.217,25.794,26.083,24.657
2022-04-14 16:42:12.009400,25.686,25.712,25.209,25.788,26.091,24.66
2022-04-14 16:42:22.408400,25.681,25.707,25.186,25.807,26.085,24.643
2022-04-14 16:42:32.804400,25.673,25.72,25.186,25.783,26.078,24.658
2022-04-14 16:42:43.174400,25.712,25.722,25.216,25.801,26.097,24.65
2022-04-14 16:42:53.571400,25.767,25.768,25.257,25.835,26.134,24.669
2022-04-14 16:43:03.973400,25.783,25.801,25.263,25.853,26.149,24.637
2022-04-14 16:43:16.303400,25.757,25.777,25.248,25.842,26.128,24.622
2022-04-14 16:43:26.663400,25.733,25.74,25.218,25.822,26.113,24.656
2022-04-14 16:43:37.029400,25.707,25.742,25.218,25.822,26.121,24.648
2022-04-14 16:43:47.395400,25.689,25.725,25.23,25.806,26.106,24.664
2022-04-14 16:43:57.766400,25.694,25.733,25.177,25.819,26.109,24.699
2022-04-14 16:44:08.135400,25.691,25.722,25.196,25.809,26.098,24.696
2022-04-14 16:44:18.503400,25.668,25.712,25.191,25.785,26.085,24.675
2022-04-14 16:44:28.901400,25.673,25.722,25.183,25.783,26.098,24.675
2022-04-14 16:44:39.298400,25.67,25.706,25.191,25.785,26.088,24.694
2022-04-14 16:44:49.696400,25.649,25.698,25.196,25.778,26.08,24.715
2022-04-14 16:45:02.030400,25.675,25.701,25.175,25.793,26.08,24.699
2022-04-14 16:45:12.387400,25.634,25.698,25.17,25.746,26.072,24.699
2022-04-14 16:45:22.785400,25.652,25.683,25.172,25.764,26.056,24.704
2022-04-14 16:45:33.154400,25.652,25.679,25.181,25.759,26.071,24.725
2022-04-14 16:45:43.550400,25.67,25.717,25.217,25.809,26.106,24.741
2022-04-14 16:45:53.947400,25.759,25.785,25.249,25.83,26.126,24.763
2022-04-14 16:46:04.344400,25.743,25.751,25.237,25.834,26.118,24.76
2022-04-14 16:46:14.713400,25.751,25.779,25.239,25.822,26.112,24.747
2022-04-14 16:46:25.110400,25.73,25.754,25.228,25.803,26.126,24.726
2022-04-14 16:46:35.509400,25.657,25.703,25.203,25.798,26.101,24.729
2022-04-14 16:46:47.704400,25.665,25.719,25.203,25.785,26.109,24.724
2022-04-14 16:46:58.102400,25.662,25.714,25.193,25.806,26.119,24.711
2022-04-14 16:47:08.500400,25.667,25.711,25.172,25.783,26.116,24.726
2022-04-14 16:47:18.870400,25.67,25.706,25.201,25.767,26.082,24.734
2022-04-14 16:47:29.268400,25.654,25.682,25.188,25.785,26.098,24.746
2022-04-14 16:47:39.670400,25.657,25.698,25.185,25.78,26.08,24.741
2022-04-14 16:47:50.070400,25.654,25.677,25.175,25.772,26.088,24.751
2022-04-14 16:48:00.466400,25.646,25.672,25.182,25.772,26.082,24.741
2022-04-14 16:48:10.836400,25.636,25.685,25.159,25.748,26.093,24.727
2022-04-14 16:48:21.236400,25.618,25.685,25.14,25.746,26.085,24.722
2022-04-14 16:48:33.588400,25.638,25.664,25.151,25.748,26.077,24.712
2022-04-14 16:48:43.982400,25.62,25.664,25.154,25.767,26.102,24.713
2022-04-14 16:48:54.385400,25.72,25.733,25.208,25.806,26.119,24.71
2022-04-14 16:49:04.784400,25.696,25.741,25.203,25.809,26.135,24.718
2022-04-14 16:49:15.180400,25.727,25.753,25.227,25.82,26.144,24.721
2022-04-14 16:49:25.579400,25.74,25.75,25.233,25.822,26.131,24.713
2022-04-14 16:49:35.977400,25.735,25.748,25.241,25.822,26.152,24.684
2022-04-14 16:49:46.374400,25.722,25.745,25.211,25.812,26.138,24.687
2022-04-14 16:49:56.771400,25.719,25.741,25.197,25.787,26.115,24.663
2022-04-14 16:50:07.143400,25.654,25.708,25.177,25.78,26.093,24.66
2022-04-14 16:50:19.477400,25.654,25.706,25.151,25.764,26.106,24.668
2022-04-14 16:50:29.875400,25.646,25.686,25.173,25.772,26.125,24.645
2022-04-14 16:50:40.274400,25.649,25.674,25.161,25.79,26.093,24.655
2022-04-14 16:50:50.644400,25.641,25.698,25.143,25.753,26.106,24.653
2022-04-14 16:51:01.043400,25.641,25.669,25.135,25.777,26.106,24.668
2022-04-14 16:51:11.448400,25.623,25.677,25.145,25.767,26.082,24.677
2022-04-14 16:51:21.853400,25.623,25.687,25.156,25.767,26.098,24.667
2022-04-14 16:51:32.222400,25.623,25.659,25.125,25.74,26.106,24.677
2022-04-14 16:51:42.619400,25.638,25.659,25.125,25.748,26.074,24.672
2022-04-14 16:51:53.016400,25.62,25.669,25.111,25.753,26.09,24.672
2022-04-14 16:52:05.316400,25.638,25.656,25.125,25.735,26.077,24.673
2022-04-14 16:52:15.712400,25.636,25.662,25.115,25.738,26.089,24.706
2022-04-14 16:52:26.110400,25.672,25.698,25.154,25.768,26.119,24.663
2022-04-14 16:52:36.509400,25.693,25.712,25.166,25.793,26.108,24.671
2022-04-14 16:52:46.879400,25.714,25.747,25.156,25.81,26.125,24.652
2022-04-14 16:52:57.277400,25.748,25.753,25.18,25.808,26.109,24.679
2022-04-14 16:53:07.683400,25.711,25.747,25.177,25.799,26.109,24.66
2022-04-14 16:53:18.080400,25.706,25.737,25.161,25.786,26.115,24.658
2022-04-14 16:53:28.454400,25.677,25.683,25.115,25.758,26.091,24.637
2022-04-14 16:53:38.852400,25.656,25.694,25.12,25.766,26.112,24.624
2022-04-14 16:53:51.190400,25.622,25.664,25.119,25.756,26.113,24.629
2022-04-14 16:54:01.591400,25.633,25.656,25.109,25.756,26.069,24.629
2022-04-14 16:54:11.949400,25.635,25.664,25.103,25.764,26.077,24.621
2022-04-14 16:54:22.318400,25.622,25.669,25.116,25.753,26.092,24.613
2022-04-14 16:54:32.686400,25.609,25.643,25.082,25.751,26.074,24.633
2022-04-14 16:54:43.056400,25.625,25.648,25.085,25.722,26.071,24.625
2022-04-14 16:54:53.452400,25.599,25.643,25.085,25.724,26.063,24.638
2022-04-14 16:55:03.854400,25.62,25.651,25.085,25.719,26.071,24.617
2022-04-14 16:55:14.254400,25.62,25.637,25.069,25.719,26.027,24.604
2022-04-14 16:55:24.649400,25.601,25.648,25.061,25.724,26.056,24.614
2022-04-14 16:55:36.977400,25.583,25.635,25.061,25.711,26.058,24.598
2022-04-14 16:55:47.336400,25.586,25.622,25.056,25.714,26.058,24.615
2022-04-14 16:55:57.732400,25.601,25.633,25.057,25.716,26.059,24.605
2022-04-14 16:56:08.129400,25.661,25.69,25.102,25.749,26.074,24.587
2022-04-14 16:56:18.529400,25.698,25.721,25.146,25.792,26.112,24.605
2022-04-14 16:56:28.927400,25.714,25.726,25.12,25.784,26.112,24.605
2022-04-14 16:56:39.296400,25.714,25.718,25.123,25.774,26.106,24.592
2022-04-14 16:56:49.668400,25.698,25.71,25.124,25.788,26.088,24.589
2022-04-14 16:57:00.066400,25.643,25.68,25.085,25.744,26.106,24.597
2022-04-14 16:57:10.438400,25.635,25.67,25.083,25.737,26.078,24.566
2022-04-14 16:57:22.980400,25.63,25.658,25.072,25.737,26.055,24.571
2022-04-14 16:57:33.380400,25.606,25.653,25.064,25.75,26.068,24.539
2022-04-14 16:57:43.776400,25.606,25.642,25.077,25.729,26.074,24.587
2022-04-14 16:57:54.147400,25.612,25.635,25.058,25.729,26.045,24.587
2022-04-14 16:58:04.516400,25.591,25.632,25.066,25.724,26.045,24.605
2022-04-14 16:58:14.913400,25.596,25.64,25.066,25.719,26.063,24.609
2022-04-14 16:58:25.316400,25.593,25.632,25.043,25.7,26.047,24.635
2022-04-14 16:58:35.714400,25.593,25.614,25.056,25.719,26.045,24.636
2022-04-14 16:58:46.082400,25.604,25.616,25.048,25.706,26.058,24.645
2022-04-14 16:58:56.449400,25.591,25.627,25.035,25.716,26.042,24.64
2022-04-14 16:59:08.907400,25.588,25.632,25.04,25.706,26.024,24.653
2022-04-14 16:59:19.307400,25.583,25.614,25.056,25.69,26.034,24.649
2022-04-14 16:59:29.703400,25.583,25.62,25.036,25.714,26.054,24.678
2022-04-14 16:59:40.100400,25.601,25.641,25.051,25.71,26.038,24.665
2022-04-14 16:59:50.497400,25.666,25.684,25.111,25.762,26.117,24.673
2022-04-14 17:00:00.896400,25.682,25.705,25.107,25.768,26.104,24.647
2022-04-14 17:00:11.265400,25.682,25.694,25.109,25.768,26.109,24.641
2022-04-14 17:00:21.664400,25.674,25.708,25.099,25.763,26.098,24.628
2022-04-14 17:00:32.033400,25.645,25.668,25.101,25.742,26.088,24.618
2022-04-14 17:00:42.430400,25.637,25.667,25.09,25.741,26.075,24.599
2022-04-14 17:00:54.728400,25.601,25.645,25.063,25.724,26.066,24.586
2022-04-14 17:01:05.091400,25.611,25.629,25.053,25.732,26.066,24.586
2022-04-14 17:01:15.459400,25.609,25.616,25.048,25.721,26.06,24.589
2022-04-14 17:01:25.857400,25.585,25.647,25.066,25.708,26.06,24.586
2022-04-14 17:01:36.254400,25.588,25.629,25.053,25.703,26.063,24.586
2022-04-14 17:01:46.625400,25.588,25.621,25.056,25.695,26.042,24.573
2022-04-14 17:01:56.993400,25.577,25.621,25.032,25.705,26.06,24.576
2022-04-14 17:02:07.391400,25.58,25.619,25.019,25.705,26.039,24.578
2022-04-14 17:02:17.787400,25.596,25.621,25.05,25.7,26.042,24.568
2022-04-14 17:02:28.185400,25.588,25.603,25.029,25.692,26.039,24.577
2022-04-14 17:02:40.594400,25.564,25.616,25.035,25.705,26.05,24.598
2022-04-14 17:02:50.956400,25.569,25.621,25.016,25.685,26.032,24.594
2022-04-14 17:03:01.353400,25.559,25.592,25.019,25.698,26.026,24.57
2022-04-14 17:03:11.750400,25.561,25.608,25.016,25.685,26.021,24.577
2022-04-14 17:03:22.148400,25.564,25.592,25.008,25.674,26.018,24.594
2022-04-14 17:03:32.544400,25.642,25.659,25.063,25.732,26.073,24.607
2022-04-14 17:03:42.916400,25.619,25.637,25.046,25.72,26.076,24.591
2022-04-14 17:03:53.282400,25.645,25.668,25.084,25.735,26.098,24.591
2022-04-14 17:04:03.678400,25.666,25.694,25.088,25.75,26.077,24.602
2022-04-14 17:04:14.079400,25.653,25.692,25.101,25.755,26.082,24.584
2022-04-14 17:04:26.468400,25.666,25.689,25.091,25.765,26.072,24.597
2022-04-14 17:04:36.827400,25.64,25.652,25.057,25.735,26.077,24.584
2022-04-14 17:04:47.225400,25.619,25.622,25.067,25.739,26.059,24.565
2022-04-14 17:04:57.627400,25.58,25.621,25.037,25.721,26.052,24.565
2022-04-14 17:05:08.026400,25.59,25.637,25.024,25.713,26.042,24.56
2022-04-14 17:05:18.403400,25.577,25.629,25.053,25.708,26.037,24.56
2022-04-14 17:05:28.767400,25.582,25.605,25.024,25.705,26.052,24.563
2022-04-14 17:05:39.169400,25.58,25.613,25.029,25.692,26.023,24.544
2022-04-14 17:05:49.570400,25.559,25.613,25.019,25.692,26.037,24.539
2022-04-14 17:05:59.966400,25.574,25.608,25.032,25.687,26.042,24.528
2022-04-14 17:06:12.294400,25.572,25.6,25.021,25.692,26.029,24.536
2022-04-14 17:06:22.654400,25.572,25.6,25.026,25.695,26.037,24.539
2022-04-14 17:06:33.018400,25.574,25.6,25.019,25.687,26.034,24.544
2022-04-14 17:06:43.389400,25.566,25.595,24.99,25.687,26.023,24.549
2022-04-14 17:06:53.759400,25.569,25.571,25.003,25.676,26.021,24.568
2022-04-14 17:07:04.155400,25.553,25.587,24.987,25.676,26.013,24.559
2022-04-14 17:07:14.525400,25.548,25.584,24.995,25.671,26.026,24.556
2022-04-14 17:07:24.922400,25.546,25.582,24.977,25.661,26.034,24.57
2022-04-14 17:07:35.291400,25.551,25.593,24.988,25.692,26.017,24.583
2022-04-14 17:07:45.659400,25.577,25.604,25.008,25.68,26.04,24.565
2022-04-14 17:07:58.046400,25.621,25.64,25.037,25.713,26.057,24.565
2022-04-14 17:08:08.444400,25.671,25.681,25.062,25.742,26.077,24.555
2022-04-14 17:08:18.809400,25.668,25.673,25.062,25.747,26.069,24.552
2022-04-14 17:08:29.206400,25.645,25.662,25.06,25.735,26.056,24.544
2022-04-14 17:08:39.603400,25.647,25.655,25.044,25.73,26.067,24.568
2022-04-14 17:08:49.974400,25.626,25.626,25.017,25.725,26.07,24.578
2022-04-14 17:09:00.341400,25.569,25.618,25.008,25.716,26.057,24.581
2022-04-14 17:09:10.707400,25.587,25.618,25.008,25.687,26.052,24.56
2022-04-14 17:09:21.077400,25.574,25.589,25.018,25.708,26.042,24.544
2022-04-14 17:09:31.446400,25.558,25.597,25.003,25.7,26.042,24.544
2022-04-14 17:09:43.710400,25.566,25.594,25.018,25.687,26.039,24.526
2022-04-14 17:09:54.065400,25.558,25.6,24.987,25.684,26.031,24.51
2022-04-14 17:10:04.462400,25.566,25.602,25.003,25.666,26.026,24.526
2022-04-14 17:10:14.859400,25.561,25.597,24.984,25.687,26.029,24.518
2022-04-14 17:10:25.232400,25.561,25.579,24.971,25.676,26.036,24.515
2022-04-14 17:10:35.601400,25.55,25.587,24.974,25.687,26.029,24.492
2022-04-14 17:10:45.998400,25.571,25.6,24.982,25.676,26.021,24.513
2022-04-14 17:10:56.396400,25.545,25.584,24.966,25.679,26.042,24.505
2022-04-14 17:11:06.794400,25.545,25.571,24.984,25.668,26.013,24.489
2022-04-14 17:11:17.190400,25.543,25.558,24.969,25.65,26.034,24.492
2022-04-14 17:11:29.647400,25.553,25.576,24.953,25.674,26.023,24.505
2022-04-14 17:11:40.015400,25.54,25.568,24.982,25.66,26.015,24.507
2022-04-14 17:11:50.383400,25.537,25.568,24.958,25.653,26.013,24.507
2022-04-14 17:12:00.752400,25.537,25.579,24.945,25.645,26.008,24.524
2022-04-14 17:12:11.150400,25.527,25.558,24.961,25.647,26.015,24.553
2022-04-14 17:12:21.520400,25.563,25.572,24.966,25.672,26.014,24.531
2022-04-14 17:12:31.918400,25.571,25.586,24.983,25.684,26.048,24.541
2022-04-14 17:12:42.317400,25.634,25.654,25.023,25.722,26.061,24.531
2022-04-14 17:12:52.716400,25.647,25.657,25.038,25.715,26.059,24.533
2022-04-14 17:13:03.112400,25.621,25.639,25.029,25.706,26.061,24.539
2022-04-14 17:13:15.507400,25.629,25.627,25.01,25.705,26.055,24.573
2022-04-14 17:13:25.904400,25.6,25.62,25.004,25.692,26.059,24.578
2022-04-14 17:13:36.301400,25.597,25.58,24.998,25.679,26.04,24.539
2022-04-14 17:13:46.680400,25.571,25.59,24.988,25.665,26.035,24.583
2022-04-14 17:13:57.048400,25.571,25.576,24.989,25.686,26.028,24.573
2022-04-14 17:14:07.446400,25.569,25.576,24.989,25.668,26.023,24.573
2022-04-14 17:14:17.849400,25.569,25.584,24.966,25.663,26.026,24.554
2022-04-14 17:14:28.215400,25.558,25.584,24.979,25.671,26.034,24.549
2022-04-14 17:14:38.611400,25.553,25.594,24.979,25.665,26.028,24.544
2022-04-14 17:14:49.035400,25.569,25.573,24.976,25.668,26.023,24.547
2022-04-14 17:15:01.472400,25.545,25.576,24.987,25.663,26.028,24.557
2022-04-14 17:15:11.867400,25.542,25.56,24.989,25.665,26.018,24.557
2022-04-14 17:15:22.264400,25.542,25.571,24.974,25.65,25.997,24.552
2022-04-14 17:15:32.634400,25.54,25.555,24.971,25.652,26.005,24.536
2022-04-14 17:15:43.030400,25.535,25.565,24.976,25.644,26.023,24.547
2022-04-14 17:15:53.400400,25.521,25.563,24.958,25.642,25.994,24.547
2022-04-14 17:16:03.800400,25.527,25.55,24.953,25.639,26.007,24.536
2022-04-14 17:16:14.205400,25.537,25.555,24.958,25.644,26.007,24.549
2022-04-14 17:16:24.574400,25.529,25.547,24.96,25.642,25.992,24.528
2022-04-14 17:16:34.971400,25.514,25.563,24.947,25.644,26.007,24.536
2022-04-14 17:16:47.363400,25.514,25.565,24.937,25.66,25.997,24.523
2022-04-14 17:16:57.760400,25.521,25.568,24.937,25.629,25.997,24.533
2022-04-14 17:17:08.128400,25.529,25.547,24.95,25.631,26.002,24.523
2022-04-14 17:17:18.524400,25.521,25.539,24.955,25.639,25.997,24.54
2022-04-14 17:17:28.921400,25.555,25.581,24.969,25.663,26.022,24.561
2022-04-14 17:17:39.294400,25.516,25.543,24.972,25.639,26.001,24.6
2022-04-14 17:17:49.692400,25.579,25.603,25.002,25.681,26.044,24.626
2022-04-14 17:18:00.088400,25.61,25.624,25.027,25.699,26.048,24.637
2022-04-14 17:18:10.459400,25.615,25.619,25.005,25.699,26.041,24.6
2022-04-14 17:18:20.858400,25.587,25.6,25.01,25.676,26.035,24.624
2022-04-14 17:18:33.268400,25.6,25.608,25.019,25.676,26.037,24.628
2022-04-14 17:18:43.635400,25.54,25.578,25.026,25.663,26.034,24.641
2022-04-14 17:18:54.002400,25.545,25.604,25.002,25.657,26.026,24.644
2022-04-14 17:19:04.355400,25.547,25.589,25.023,25.665,26.034,24.63
2022-04-14 17:19:14.757400,25.581,25.589,25.007,25.673,26.041,24.638
2022-04-14 17:19:25.154400,25.555,25.599,25.005,25.676,26.034,24.62
2022-04-14 17:19:35.551400,25.54,25.583,24.986,25.665,26.036,24.63
2022-04-14 17:19:45.921400,25.553,25.576,25.0,25.66,25.992,24.646
2022-04-14 17:19:56.319400,25.568,25.581,24.994,25.671,26.044,24.636
2022-04-14 17:20:06.689400,25.545,25.583,24.994,25.66,26.049,24.644
2022-04-14 17:20:19.116400,25.553,25.573,25.0,25.668,26.007,24.644
2022-04-14 17:20:29.513400,25.568,25.565,24.989,25.65,26.01,24.628
2022-04-14 17:20:39.883400,25.555,25.562,25.002,25.676,26.018,24.609
2022-04-14 17:20:50.279400,25.534,25.57,24.992,25.671,26.005,24.638
2022-04-14 17:21:00.649400,25.558,25.581,24.981,25.671,26.01,24.638
2022-04-14 17:21:11.046400,25.56,25.573,24.997,25.631,26.018,24.646
2022-04-14 17:21:21.445400,25.537,25.573,25.005,25.644,26.026,24.638
2022-04-14 17:21:31.848400,25.537,25.56,24.979,25.644,26.013,24.628
2022-04-14 17:21:42.216400,25.542,25.562,24.984,25.663,25.984,24.649
2022-04-14 17:21:52.616400,25.529,25.568,24.994,25.655,26.013,24.625
2022-04-14 17:22:05.001400,25.529,25.555,24.981,25.644,26.023,24.63
2022-04-14 17:22:15.360400,25.553,25.573,24.994,25.639,26.013,24.623
2022-04-14 17:22:25.756400,25.54,25.576,24.973,25.634,26.007,24.644
2022-04-14 17:22:36.156400,25.532,25.56,24.986,25.636,25.999,24.641
2022-04-14 17:22:46.532400,25.532,25.576,24.986,25.634,25.999,24.615
2022-04-14 17:22:56.896400,25.54,25.557,24.976,25.644,26.005,24.641
2022-04-14 17:23:07.292400,25.532,25.549,24.994,25.644,25.992,24.678
2022-04-14 17:23:17.704400,25.524,25.549,24.994,25.642,26.013,24.653
2022-04-14 17:23:28.103400,25.526,25.555,25.0,25.639,26.002,24.667
2022-04-14 17:23:38.500400,25.542,25.557,24.973,25.642,25.997,24.67
2022-04-14 17:23:50.904400,25.537,25.562,24.984,25.636,25.984,24.681
2022-04-14 17:24:01.304400,25.539,25.561,25.009,25.634,26.011,24.664
2022-04-14 17:24:11.702400,25.555,25.585,25.002,25.659,26.001,24.659
2022-04-14 17:24:22.100400,25.534,25.572,25.007,25.646,26.027,24.66
2022-04-14 17:24:32.497400,25.579,25.591,25.029,25.672,26.041,24.67
2022-04-14 17:24:42.900400,25.631,25.639,25.067,25.712,26.075,24.667
2022-04-14 17:24:53.271400,25.558,25.612,25.022,25.672,26.036,24.643
2022-04-14 17:25:03.668400,25.594,25.611,25.049,25.701,26.064,24.641
2022-04-14 17:25:14.041400,25.607,25.621,25.044,25.693,26.058,24.63
2022-04-14 17:25:24.408400,25.581,25.615,25.054,25.691,26.062,24.643
2022-04-14 17:25:36.983400,25.592,25.612,25.026,25.678,26.057,24.654
2022-04-14 17:25:47.379400,25.581,25.599,25.039,25.697,26.062,24.636
2022-04-14 17:25:57.784400,25.573,25.602,25.039,25.684,26.07,24.638
2022-04-14 17:26:08.154400,25.56,25.615,25.023,25.694,26.068,24.625
2022-04-14 17:26:18.552400,25.579,25.612,25.031,25.691,26.054,24.63
2022-04-14 17:26:28.949400,25.589,25.612,25.026,25.681,26.062,24.612
2022-04-14 17:26:39.324400,25.571,25.609,25.033,25.686,26.07,24.617
2022-04-14 17:26:49.691400,25.581,25.607,25.033,25.673,26.07,24.603
2022-04-14 17:27:00.062400,25.576,25.609,25.044,25.691,26.057,24.617
2022-04-14 17:27:10.458400,25.584,25.596,25.033,25.67,26.052,24.632
